activity,high_similarity_pairs
fibonacci,580
warm_up_dsa,375
recursive_power,228
frequency_element,171
sort_stack_inverting,109
swap_neighbors,100
radix_sort_two_digits,95
find_element,88
tower_of_hanoi,88
find_first_negative,80
duplicate_elements,79
element_positions,79
recursive_break_finder,67
circular_vector,52
queue_jumper,50
stopwords,48
master_theorem,42
three_n_plus_one,38
recursive_linear_search,35
invert_phrase,32
word_cloud,32
sorted_insertion_last,27
mariana_and_books,25
quick_sort_step_by_step,22
order_statistic,21
stable_partition,21
number_larger_elements_bst,21
sorted_insertion_first,20
two_add_up,20
invert_stack,16
radix_sort,15
lomuto_partitioning_last,13
lomuto_partitioning,12
selection_sort_step_by_step,11
invert_stack_without_queue,11
bst_search,11
build_heap,11
negative_counting_sort,9
max_bst,9
bst_height,9
hashset,9
recursive_selection_sort,8
move_three,8
best_pivot,7
right_bfs,7
recursive_binary_search,7
adjacency_matrix,7
rotations_bst,6
binary_search,6
predecessor_bst,6
bubble_sort_step_by_step,5
hash_table_probing,5
without_pair,5
counting_sort_step_by_step,4
queue_with_array,4
merge_sort_step_by_step,4
brackets,4
hash_table_chaining,4
bfs,4
is_heap,4
plates_sorting,4
radix_sort_three_digits,4
mathematical_expression,3
linked_list,3
check_tree,3
balance,3
top_n,3
max_stack_index,3
sum_leaves,2
frequency_table,2
recursive_insertion_sort,1
stack_with_array,1
count_leaves,1
nearest_value_bst,1
hoare_partitioning,1
count_internal_nodes_bst,1
invert_stack_index,1
filter_linked_list,1
trim_linked_list,1
leftover_element,1
